{"cameraMode":{"drawMode":0,"name":"Shaded","section":"Shading Mode"},"sceneLighting":true,"audioPlay":false,"sceneViewState":{"m_AlwaysRefresh":false,"showFog":true,"showSkybox":true,"showFlares":true,"showImageEffects":true,"showParticleSystems":true,"showVisualEffectGraphs":true,"m_FxEnabled":true},"in2DMode":false,"pivot":{"x":-8.773880004882813,"y":27.436695098876954,"z":282.1651306152344},"rotation":{"x":-0.013809092342853547,"y":0.008099734783172608,"z":-0.0001411333796568215,"w":-0.9998725056648254},"size":192.4842987060547,"orthographic":false}