{"cameraMode":{"drawMode":0,"name":"Shaded","section":"Shading Mode"},"sceneLighting":true,"audioPlay":false,"sceneViewState":{"m_AlwaysRefresh":false,"showFog":true,"showSkybox":true,"showFlares":true,"showImageEffects":true,"showParticleSystems":true,"showVisualEffectGraphs":true,"m_FxEnabled":true},"in2DMode":false,"pivot":{"x":-11.63321304321289,"y":-14.243003845214844,"z":66.42634582519531},"rotation":{"x":-0.04078524932265282,"y":0.026075823232531549,"z":-0.0010508091654628516,"w":-0.9988236427307129},"size":42.138553619384769,"orthographic":false}