{"cameraMode":{"drawMode":0,"name":"Shaded","section":"Shading Mode"},"sceneLighting":true,"audioPlay":false,"sceneViewState":{"m_AlwaysRefresh":false,"showFog":true,"showSkybox":true,"showFlares":true,"showImageEffects":true,"showParticleSystems":true,"showVisualEffectGraphs":true,"m_FxEnabled":true},"in2DMode":false,"pivot":{"x":-8.863080978393555,"y":-7.791281223297119,"z":22.939865112304689},"rotation":{"x":-0.009991523809731007,"y":0.9898567199707031,"z":-0.09113485366106034,"w":-0.10852328687906265},"size":15.160680770874024,"orthographic":false}