{"cameraMode":{"drawMode":0,"name":"Shaded","section":"Shading Mode"},"sceneLighting":true,"audioPlay":false,"sceneViewState":{"m_AlwaysRefresh":false,"showFog":true,"showSkybox":true,"showFlares":true,"showImageEffects":true,"showParticleSystems":true,"showVisualEffectGraphs":true,"m_FxEnabled":true},"in2DMode":false,"pivot":{"x":-11.195274353027344,"y":-3.754918098449707,"z":19.328094482421876},"rotation":{"x":-0.11186706274747849,"y":0.7000505924224854,"z":-0.11248280853033066,"w":-0.6962836384773254},"size":18.930246353149415,"orthographic":false}